<?xml-stylesheet type="text/xsl" href="make-singletons.xsl"  ?>
<singletons>
  <class>soot.PhaseOptions</class>
  <class>soot.jimple.toolkits.callgraph.VirtualCalls</class>
  <class>soot.jimple.spark.fieldrw.FieldTagger</class>
  <class>soot.util.SharedBitSetCache</class>
  <class>soot.options.Options</class>
  <class>soot.jimple.toolkits.callgraph.CHATransformer</class>
  <class>soot.toolkits.graph.SlowPseudoTopologicalOrderer</class>
  <class>soot.jimple.toolkits.invoke.SynchronizerManager</class>
  <class>soot.jimple.toolkits.typing.integer.ClassHierarchy</class>
  <class>soot.Main</class>
  <class>soot.tagkit.TagManager</class>
  <class>soot.jimple.toolkits.pointer.representations.Environment</class>
  <class>soot.jimple.toolkits.pointer.representations.TypeConstants</class>
  <class>soot.coffi.Util</class>
  <class>soot.SourceLocator</class>
  <class>soot.ModulePathSourceLocator</class>
  <class>soot.coffi.CONSTANT_Utf8_collector</class>
  <class>soot.dava.toolkits.base.finders.AbruptEdgeFinder</class>
  <class>soot.jimple.toolkits.base.Aggregator</class>
  <class>soot.jimple.toolkits.annotation.arraycheck.ArrayBoundsChecker</class>
  <class>soot.jimple.spark.pag.ArrayElement</class>
  <class>soot.jimple.toolkits.annotation.tags.ArrayNullTagAggregator</class>
  <class>soot.dava.toolkits.base.AST.ASTWalker</class>
  <class>soot.baf.Baf</class>
  <class>soot.BooleanType</class>
  <class>soot.jimple.toolkits.scalar.pre.BusyCodeMotion</class>
  <class>soot.ByteType</class>
  <class>soot.jimple.toolkits.pointer.CastCheckEliminatorDumper</class>
  <class>soot.CharType</class>
  <class>soot.jimple.toolkits.annotation.arraycheck.ClassFieldAnalysis</class>
  <class>soot.jimple.toolkits.scalar.CommonSubexpressionEliminator</class>
  <class>soot.jimple.toolkits.scalar.ConditionalBranchFolder</class>
  <class>soot.jimple.toolkits.scalar.ConstantPropagatorAndFolder</class>
  <class>soot.grimp.toolkits.base.ConstructorFolder</class>
  <class>soot.jimple.toolkits.scalar.CopyPropagator</class>
  <class>soot.jimple.toolkits.graph.CriticalEdgeRemover</class>
  <class>soot.dava.toolkits.base.finders.CycleFinder</class>
  <class>soot.dava.Dava</class>
  <class>soot.dava.DavaPrinter</class>
  <class>soot.xml.XMLPrinter</class>
  <class>soot.Printer</class>
  <class>soot.jimple.toolkits.scalar.DeadAssignmentEliminator</class>
  <class>soot.jimple.toolkits.pointer.DependenceTagAggregator</class>
  <class>soot.coffi.Double2ndHalfType</class>
  <class>soot.DoubleType</class>
  <class>soot.baf.DoubleWordType</class>
  <class>soot.jimple.toolkits.pointer.DumbPointerAnalysis</class>
  <class>soot.jimple.spark.sets.EmptyPointsToSet</class>
  <class>soot.ErroneousType</class>
  <class>soot.dava.toolkits.base.finders.ExceptionFinder</class>
  <class>soot.jimple.toolkits.pointer.FieldRWTagger</class>
  <class>soot.FloatType</class>
  <class>soot.jimple.toolkits.pointer.FullObjectSet</class>
  <class>soot.grimp.Grimp</class>
  <class>soot.dava.toolkits.base.finders.IfFinder</class>
  <class>soot.IntType</class>
  <class>soot.jimple.Jimple</class>
  <class>soot.dava.toolkits.base.finders.LabeledBlockFinder</class>
  <class>soot.jimple.toolkits.scalar.pre.LazyCodeMotion</class>
  <class>soot.tagkit.LineNumberTagAggregator</class>
  <class>soot.tagkit.InnerClassTagAggregator</class>
  <class>soot.jimple.toolkits.annotation.LineNumberAdder</class>
  <class>soot.baf.toolkits.base.LoadStoreOptimizer</class>
  <class>soot.baf.toolkits.base.StoreChainOptimizer</class>
  <class>soot.jimple.toolkits.scalar.LocalNameStandardizer</class>
  <class>soot.toolkits.scalar.LocalPacker</class>
  <class>soot.toolkits.scalar.LocalSplitter</class>
  <class>soot.coffi.Long2ndHalfType</class>
  <class>soot.LongType</class>
  <class>soot.dava.toolkits.base.misc.MonitorConverter</class>
  <class>soot.jimple.toolkits.scalar.NopEliminator</class>
  <class>soot.jimple.NullConstant</class>
  <class>soot.jimple.toolkits.annotation.nullcheck.NullPointerChecker</class>
  <class>soot.NullType</class>
  <class>soot.dava.toolkits.base.misc.PackageNamer</class>
  <class>soot.PackManager</class>
  <class>soot.baf.toolkits.base.PeepholeOptimizer</class>
  <class>soot.jimple.toolkits.annotation.profiling.ProfilingGenerator</class>
  <class>soot.jimple.toolkits.annotation.arraycheck.RectangularArrayFinder</class>
  <class>soot.RefType</class>
  <class>soot.ModuleRefType</class>
  <class>soot.Scene</class>
  <class>soot.ModuleScene</class>
  <class>soot.ModuleUtil</class>
  <class>soot.dava.toolkits.base.finders.SequenceFinder</class>
  <class>soot.shimple.Shimple</class>
  <class>soot.shimple.ShimpleTransformer</class>
  <class>soot.shimple.toolkits.scalar.SConstantPropagatorAndFolder</class>
  <class>soot.ShortType</class>
  <class>soot.jimple.toolkits.pointer.SideEffectTagger</class>
  <class>soot.jimple.spark.SparkTransformer</class>
  <class>soot.jimple.toolkits.invoke.StaticInliner</class>
  <class>soot.jimple.toolkits.invoke.StaticMethodBinder</class>
  <class>soot.StmtAddressType</class>
  <class>soot.dava.toolkits.base.finders.SwitchFinder</class>
  <class>soot.dava.toolkits.base.finders.SynchronizedBlockFinder</class>
  <class>soot.dava.toolkits.base.misc.ThrowFinder</class>
  <class>soot.dava.toolkits.base.misc.ThrowNullConverter</class>
  <class>soot.Timers</class>
  <class>soot.dava.toolkits.base.AST.TryContentsFinder</class>
  <class>soot.jimple.toolkits.typing.TypeAssigner</class>
  <class>soot.jimple.toolkits.scalar.UnconditionalBranchFolder</class>
  <class>soot.jimple.toolkits.scalar.ConstantCastEliminator</class>
  <class>soot.jimple.toolkits.scalar.IdentityCastEliminator</class>
  <class>soot.jimple.toolkits.scalar.FieldStaticnessCorrector</class>
  <class>soot.jimple.toolkits.scalar.MethodStaticnessCorrector</class>
  <class>soot.jimple.toolkits.scalar.IdentityOperationEliminator</class>
  <class>soot.UnknownType</class>
  <class>soot.jimple.toolkits.scalar.UnreachableCodeEliminator</class>
  <class>soot.toolkits.scalar.UnusedLocalEliminator</class>
  <class>soot.coffi.UnusuableType</class>
  <class>soot.dava.toolkits.base.AST.UselessTryRemover</class>
  <class>soot.VoidType</class>
  <class>soot.baf.WordType</class>
  <class>soot.jimple.spark.fieldrw.FieldReadTagAggregator</class>
  <class>soot.jimple.spark.fieldrw.FieldWriteTagAggregator</class>
  <class>soot.jimple.spark.fieldrw.FieldTagAggregator</class>
  <class>soot.EntryPoints</class>
  <class>soot.jimple.toolkits.annotation.callgraph.CallGraphTagger</class>
  <class>soot.jimple.toolkits.annotation.nullcheck.NullPointerColorer</class>
  <class>soot.jimple.toolkits.annotation.parity.ParityTagger</class>
  <class>soot.jimple.toolkits.annotation.methods.UnreachableMethodsTagger</class>
  <class>soot.jimple.toolkits.annotation.fields.UnreachableFieldsTagger</class>
  <class>soot.jimple.toolkits.annotation.qualifiers.TightestQualifiersTagger</class>
  <class>soot.jimple.toolkits.pointer.ParameterAliasTagger</class>
  <class>soot.jimple.toolkits.annotation.defs.ReachingDefsTagger</class>
  <class>soot.jimple.toolkits.annotation.liveness.LiveVarsTagger</class>
  <class>soot.toolkits.graph.interaction.InteractionHandler</class>
  <class>soot.jimple.toolkits.annotation.logic.LoopInvariantFinder</class>
  <class>soot.jimple.toolkits.annotation.AvailExprTagger</class>
  <class>soot.util.PhaseDumper</class>
  <class>soot.util.cfgcmd.AltClassLoader</class>
  <class>soot.toolkits.exceptions.ThrowableSet.Manager</class>
  <class>soot.toolkits.exceptions.UnitThrowAnalysis</class>
  <class>soot.dexpler.DalvikThrowAnalysis</class>
  <class>soot.dexpler.DexFileProvider</class>
  <class>soot.toolkits.exceptions.PedanticThrowAnalysis</class>
  <class>soot.toolkits.exceptions.TrapTightener</class>
  <class>soot.toolkits.exceptions.DuplicateCatchAllTrapRemover</class>
  <class>soot.jimple.toolkits.annotation.callgraph.CallGraphGrapher</class>
  <class>soot.SootResolver</class>
  <class>soot.SootModuleResolver</class>
  <class>soot.javaToJimple.InitialResolver</class>
  <class>soot.jimple.paddle.PaddleHook</class>
  <class>soot.jimple.toolkits.annotation.DominatorsTagger</class>
  <class>soot.jimple.toolkits.annotation.purity.PurityAnalysis</class>
  <class>soot.javaToJimple.toolkits.CondTransformer</class>
  <class>soot.dava.toolkits.base.AST.transformations.UselessLabelFinder</class>
  <class>soot.dava.DavaStaticBlockCleaner</class>
  <class>soot.dava.toolkits.base.AST.traversals.ClosestAbruptTargetFinder</class>
  <class>soot.jimple.spark.sets.AllSharedListNodes</class>
  <class>soot.jimple.spark.sets.AllSharedHybridNodes</class>
  <class>soot.jimple.toolkits.thread.synchronization.LockAllocator</class>
  <class>soot.jimple.toolkits.thread.mhp.MhpTransformer</class>
  <class>soot.JastAddInitialResolver</class>
  <class>soot.jimple.toolkits.annotation.j5anno.AnnotationGenerator</class>
  <class>soot.sootify.TemplatePrinter</class>
  <class>soot.dexpler.DexResolver</class>
  <class>soot.jimple.toolkits.scalar.EmptySwitchEliminator</class>
  <class>soot.toDex.SynchronizedMethodTransformer</class>
  <class>soot.toDex.TrapSplitter</class>
  <class>soot.toDex.FastDexTrapTightener</class>
  <class>soot.jimple.toolkits.base.RenameDuplicatedClasses</class>
  <class>soot.jimple.toolkits.typing.fast.Integer127Type</class>
  <class>soot.jimple.toolkits.typing.fast.Integer1Type</class>
  <class>soot.jimple.toolkits.typing.fast.Integer32767Type</class>
  <class>soot.jimple.toolkits.typing.fast.BottomType</class>
  <class>soot.dexpler.TrapMinimizer</class>
  <class>soot.toolkits.scalar.SmartLocalDefsPool</class>
  <class>soot.jimple.spark.internal.PublicAndProtectedAccessibility</class>
  <class>soot.jimple.spark.internal.CompleteAccessibility</class>
  <class>soot.jimple.toolkits.reflection.ConstantInvokeMethodBaseTransformer</class>
  <class>soot.jbco.jimpleTransformations.ClassRenamer</class>
  <class>soot.jbco.jimpleTransformations.MethodRenamer</class>
  <class>soot.LambdaMetaFactory</class>
  <class>soot.jbco.jimpleTransformations.FieldRenamer</class>
</singletons>
